class_id,confidence,x1,y1,x2,y2,width,height
0,0.77557826,265,396,852,715,587.60815,318.8993
